ITEM,n_obs,intercepto,coef,r2,total_done_mean,delta_tempo_mean
110765,12,-524.3584905660375,375.89622641509425,0.9402709654677169,2.1666666666666665,290.0833333333333
102851,15,-123.25925925925924,273.18518518518516,0.2978940136617233,3.2,750.9333333333333
111780,13,-442.23502304147445,232.25115207373267,0.6961108397767398,3.6923076923076925,415.3076923076923
111779,18,-215.74516129032241,231.07419354838706,0.3859562764928651,2.5555555555555554,374.77777777777777
160050,16,170.446540880503,167.93710691823904,0.1935171089253761,3.125,695.25
141369,12,-34.20000000000033,140.4311111111112,0.7812762267966398,3.75,492.4166666666667
118352,11,189.25,134.75,0.0892429135497218,2.090909090909091,471.0
110682,26,-150.64973345876479,119.24913766070874,0.5649487342787537,4.769230769230769,418.0769230769231
180023,14,269.3289994347092,115.04465799886935,0.5994844812080227,5.428571428571429,893.8571428571429
110714,15,-219.81372549019622,111.78104575163401,0.7111054633072483,4.2,249.66666666666666
114650,35,38.19322375041918,95.03933243877896,0.21538280613865135,5.257142857142857,537.8285714285714
110581,57,-14.041620087711749,86.25754579069567,0.16942946196008013,3.7719298245614037,311.3157894736842
180094,25,427.31240506329095,74.63987341772156,0.10177009739786425,3.2,666.16
108961,15,108.21764220939818,69.97568013190437,0.4676940393311956,3.466666666666667,350.8
118363,17,-20.524401913875522,67.4870813397129,0.27092196027729576,4.9411764705882355,312.94117647058823
181237,24,213.84623675229017,66.43165079935336,0.20751336892613503,3.5416666666666665,449.125
181906,17,232.59294117647062,64.92,0.09987636060184502,3.0,427.3529411764706
180073,25,475.389894859813,64.38639018691592,0.09340265164259665,3.96,730.36
141420,10,142.57142857142858,63.357142857142854,0.035435667729153075,2.6,307.3
111356,52,89.5972923605888,62.73847641560117,0.12566333650631045,3.019230769230769,279.0192307692308
110813,15,163.42696629213475,61.36235955056183,0.1328550291023003,2.1333333333333333,294.3333333333333
140956,27,240.65405831363285,56.61347517730496,0.08640319062235102,5.333333333333333,542.5925925925926
180035,11,365.375,54.708333333333336,0.03661790552281374,1.9090909090909092,469.8181818181818
105167,29,237.64066702528243,52.471221086605695,0.06017919474563338,3.689655172413793,431.2413793103448
141997,14,475.2916666666667,51.466145833333336,0.056636469756008445,2.2857142857142856,592.9285714285714
141249,18,209.3438749545619,50.385677935296265,0.16798791634225663,6.166666666666667,520.0555555555555
118364,36,293.8027090915913,48.73982214551049,0.16820524151926208,5.861111111111111,579.4722222222222
141313,92,260.3932831345371,45.01123065646291,0.13193787490874953,4.663043478260869,470.2826086956522
110583,13,23.366013071895424,44.09640522875817,0.40376287018312607,3.3846153846153846,172.6153846153846
180024,88,292.4773306363729,42.74192283870765,0.21662202621673543,4.579545454545454,488.21590909090907
110464,11,4.171821305841775,42.46219931271481,0.8948579772578807,4.545454545454546,197.1818181818182
111110,40,95.78173933991809,41.76752589737413,0.06991498440205379,2.825,213.775
115209,30,276.35338836807995,41.346439065342096,0.11709231419531774,6.1,528.5666666666667
105744,21,335.2456140350877,40.797368421052624,0.0372903698546756,2.857142857142857,451.8095238095238
141035,121,310.8107804243426,39.20361060696103,0.039689247441638265,4.338842975206612,480.90909090909093
181235,124,322.76524738421426,37.81684182298192,0.05698161483471709,4.266129032258065,484.0967741935484
118442,22,367.5501900290633,36.29599821149116,0.08392799533707451,4.590909090909091,534.1818181818181
108771,40,317.0392591247504,36.28745233339385,0.06489858453775199,4.125,466.725
103149,49,132.0221941537351,35.781847708408534,0.09546273277522543,2.3469387755102042,216.0
118289,23,171.62686567164172,35.73880597014927,0.012988066435380752,3.5652173913043477,299.04347826086956
106865,24,144.14058679706602,35.5721271393643,0.15200143024821833,3.25,259.75
106326,14,337.17725258493357,34.2503692762186,0.08501116415496779,3.5714285714285716,459.5
111120,75,300.8013990355462,33.770472986630466,0.07386754716960275,4.653333333333333,457.94666666666666
115821,33,321.26230751283254,30.648098460102656,0.0976732406200056,4.878787878787879,470.7878787878788
180054,57,426.7990181923188,29.634276638752542,0.004500452432697366,2.280701754385965,494.3859649122807
110030,27,303.44654088050316,29.599056603773583,0.017061973129216534,2.2222222222222223,369.22222222222223
115775,83,240.23546993158075,29.23728483975514,0.05525390370738914,5.963855421686747,414.6024096385542
118169,20,311.772155601053,27.99561275226673,0.034184130322862605,5.05,453.15
110310,73,154.1451974236909,27.74400261364696,0.030114293127627145,3.0821917808219177,239.65753424657535
109976,13,207.14542483660134,27.648692810457515,0.10486097487106583,2.3846153846153846,273.0769230769231
118322,47,191.37371980676332,27.367729468599027,0.13550149687883262,6.042553191489362,356.74468085106383
110454,19,241.21809169764566,26.997521685254018,0.02733965957403439,3.0526315789473686,323.63157894736844
160056,14,84.2596577017114,26.938386308068477,0.8870725972131879,4.214285714285714,197.78571428571428
115773,38,297.8425099623955,26.673289554919457,0.03746150885141575,5.2368421052631575,437.5263157894737
110448,14,357.0497237569061,26.596685082872934,0.0010697428380795904,2.0714285714285716,412.14285714285717
114647,51,452.2347893057542,25.121575530861488,0.07777473741881424,6.294117647058823,610.3529411764706
122188,32,225.14584406221024,24.781069111134006,0.5755742754457343,12.65625,538.78125
123908,19,357.9887145733778,24.38687524419199,0.2636287379918332,10.368421052631579,610.8421052631579
110579,72,221.25595935912466,23.34114888628371,0.01659968162640968,2.7916666666666665,286.4166666666667
122705,34,73.52373798330524,22.512917683004034,0.8139531199962058,11.823529411764707,339.70588235294116
181057,260,321.4725594715384,22.47162920648592,0.2294993581468403,7.234615384615385,484.04615384615386
122986,378,169.38965769592386,22.457244408335573,0.2882626578691678,8.804232804232804,367.1084656084656
118290,497,307.74107655080746,22.22916562800843,0.0419151576685729,4.93158953722334,417.36619718309856
180601,17,609.7135506003431,21.823327615780446,0.02808277597661768,3.7058823529411766,690.5882352941177
111650,187,152.49081075785966,21.442393437339035,0.06344082772181692,5.224598930481283,264.5187165775401
110534,37,288.9211678832117,21.309975669099753,0.008413564462723566,3.5675675675675675,364.94594594594594
111775,26,287.0376569037657,21.270173341303046,0.011617925455292277,2.423076923076923,338.5769230769231
109497,10,72.66279069767444,20.79941860465116,0.6399717904512815,4.8,172.5
110081,24,244.40124555160145,20.59697508896797,0.02931508847408082,3.1666666666666665,309.625
111199,18,582.279900124844,20.585767790262175,0.0110483523409316,4.833333333333333,681.7777777777778
103148,27,199.42150429076227,20.545242301867738,0.07120036840551447,2.962962962962963,260.2962962962963
105242,179,178.42227800947484,20.388326517390777,0.02911100738564043,3.631284916201117,252.45810055865923
116527,231,196.09196545633822,20.168101290511338,0.09433026490643437,5.298701298701299,302.95670995671
118269,32,282.53348091971156,19.750871271069414,0.07953242486276368,6.40625,409.0625
140988,20,212.18238341968907,19.612879348630646,0.1100353984410285,5.25,315.15
118229,67,372.92273621107694,19.51661925580862,0.042476893030884644,7.343283582089552,516.2388059701492
114102,38,60.58743279958381,19.343141222035953,0.5053079197909824,7.184210526315789,199.55263157894737
108031,22,186.94610778443112,19.31736526946108,0.0031082304731397947,2.3181818181818183,231.72727272727272
118253,195,285.44313827476145,19.2451619036694,0.11633799426503699,7.856410256410256,436.64102564102564
111728,25,186.1810610689592,19.07061444235424,0.4539779586309496,22.36,612.6
181887,195,335.5764165468181,19.070481004044026,0.061917802680453216,6.81025641025641,465.4512820512821
109873,18,59.65546218487395,18.777310924369747,0.17573033200497645,2.4444444444444446,105.55555555555556
140957,111,234.19520072527422,18.715931948890823,0.06405350041469748,5.72972972972973,341.43243243243245
123889,285,242.5959201766544,18.51309732366932,0.42257692909340994,13.43859649122807,491.3859649122807
160057,215,311.4803231862828,17.981501109040405,0.09843689606762385,6.3534883720930235,425.72558139534885
108361,194,174.53684608560326,17.187711530750278,0.04071632181091167,4.005154639175258,243.3762886597938
122981,332,158.45540516825778,17.054052217903624,0.18920312036334963,8.737951807228916,307.47289156626505
118251,81,226.53560658985856,16.82841047683328,0.23674235992599224,9.74074074074074,390.4567901234568
140915,30,353.18596634462745,16.79003946115117,0.23638985825872438,9.3,509.3333333333333
180420,36,700.5011032531825,16.620537482319666,0.049915197779920484,7.25,821.0
121923,150,244.8501378620141,16.437558003741874,0.04598249774264018,4.806666666666667,323.86
120339,845,205.8504239170605,16.267679940284413,0.2046878041712511,10.501775147928994,376.68994082840237
180098,15,543.070204904266,16.23614376889487,0.029006117953231825,5.066666666666666,625.3333333333334
122967,148,199.88225955196503,16.126347431213016,0.3890471494331359,23.445945945945947,577.9797297297297
123520,84,290.31116723053225,16.082167936405963,0.09266437807215422,7.369047619047619,408.82142857142856
181056,149,323.04924545395966,16.045494520490816,0.023654003250405453,4.375838926174497,393.26174496644296
124371,1041,151.3577606989939,15.946659865647497,0.39248407157485543,13.496637848222862,366.5840537944284
123521,252,189.52356705824772,15.807823054331863,0.17262892270561647,6.523809523809524,292.6507936507937
123907,249,225.47088163885468,15.713984071040985,0.348516818418374,18.538152610441767,516.7791164658635
124475,1042,199.7144822316562,15.673964798209644,0.3468166018514156,11.463531669865644,379.3934740882917
122968,55,432.7094129234649,15.655224081864347,0.2908094039323226,18.036363636363635,715.0727272727273
111353,61,244.17474662556629,15.63390313390314,0.045730964336376134,5.0,322.344262295082
110354,19,141.10714285714283,15.548319327731095,0.01713763655707945,2.6842105263157894,182.8421052631579
124489,17,199.3412095566011,15.442636738770467,0.6266011224573852,11.588235294117647,378.29411764705884
120271,198,163.3043830021208,15.275445762312467,0.14250802029696985,6.595959595959596,264.06060606060606
110531,11,305.92105263157896,15.258771929824553,0.02546662310578862,3.8181818181818183,364.1818181818182
124729,56,164.53880941187006,15.20514026014731,0.6565791973824284,9.125,303.2857142857143
121651,1472,193.87839820682044,14.982523574885422,0.3520515562265625,15.35461956521739,423.92934782608694
124477,228,336.5262888410629,14.801918216907989,0.2728029795893733,10.074561403508772,485.64912280701753
120008,280,342.25383327953494,14.678357735543802,0.3278028774162445,23.90714285714286,693.1714285714286
122984,1663,222.71939704667204,14.672454163625826,0.4423248362263207,21.64341551413109,540.2814191220685
111445,141,349.12042326733024,14.46963196989543,0.10066357574526752,7.702127659574468,460.5673758865248
122703,470,181.24087254440877,14.455136390590331,0.25992416583539724,10.372340425531915,331.17446808510635
120321,32,357.11670952216554,14.303818862946565,0.1382331133774296,17.71875,610.5625
124476,720,156.23459618690137,14.29447375622383,0.2830446657479382,9.301388888888889,289.19305555555553
124548,360,273.4252401241992,14.24342470373239,0.4534119885318979,24.32777777777778,619.9361111111111
124586,19,76.85200173435459,14.203064026593447,0.5134972889233029,13.947368421052632,274.94736842105266
114092,37,254.91246638626495,14.199372543611661,0.041134646565906485,6.945945945945946,353.5405405405405
160055,274,228.9620313970872,14.168500508327543,0.1219708646809996,6.4416058394160585,320.2299270072993
120272,237,247.80394169433475,14.146390658682414,0.1384611382324411,8.573839662447257,369.09282700421943
121760,1845,231.53101848319733,14.07954095087374,0.2923274484204905,13.895934959349594,427.17940379403797
111655,293,263.5575950104538,14.012445505190021,0.12007720628758078,7.849829351535837,373.5529010238908
124594,324,387.71580465980264,13.76501628915923,0.08810316698217968,8.391975308641975,503.23148148148147
110746,68,403.77517347662985,13.740194261380921,0.14729650532985028,8.191176470588236,516.3235294117648
118416,95,274.55232950166965,13.703434048291802,0.09559022663027661,6.831578947368421,368.1684210526316
123032,43,86.51409551892056,13.512515876207074,0.5445516503735186,27.674418604651162,460.4651162790698
123313,426,303.7032505877961,13.481790832421591,0.11971584943757929,9.615023474178404,433.33098591549293
124247,1174,204.8804139141931,13.309539679303324,0.22645104159371288,12.205281090289608,367.32708688245316
122673,1456,197.8646035657222,13.146359693740054,0.4132639736181276,17.114697802197803,422.8605769230769
124433,146,259.6746571494756,13.13656512807566,0.13095628045383245,12.363013698630137,422.0821917808219
110423,26,189.1769911504425,13.12389380530973,0.035689458260155904,3.5384615384615383,235.6153846153846
110750,145,172.0815941205974,13.001896380917637,0.5552546421948172,11.524137931034483,321.9172413793103
110751,499,169.62508327662516,12.993029275710889,0.1287271857554919,6.875751503006012,258.9619238476954
114097,36,320.00720354636127,12.93266839059229,0.1575000389525537,10.833333333333334,460.1111111111111
118417,111,201.76941692349055,12.886456243407043,0.038658573743777236,4.792792792792793,263.5315315315315
111351,10,183.9120654396728,12.850715746421265,0.04991204639433666,4.1,236.6
123153,1002,228.53570163821797,12.822508356748317,0.3598757925479281,22.028942115768462,511.001996007984
117842,317,182.5662906914005,12.818809896970796,0.04889170237016238,5.17981072555205,248.9652996845426
110582,283,323.2791040512279,12.782645372027343,0.021769529945039223,5.4946996466431095,393.5159010600707
118306,614,258.2575245066946,12.695897884659544,0.0870973879208341,7.273615635179153,350.6026058631922
123080,200,257.86726372243993,12.536450531036337,0.3888618107048951,23.12,547.71
122983,1068,205.2723645326684,12.476862590537241,0.29418980664166827,13.228464419475655,370.32209737827714
122189,125,198.17045238902244,12.467361525816736,0.6180012029632467,21.032,460.384
120028,1159,265.6737609194764,12.450531985950715,0.3549049674503756,24.9137187230371,575.862812769629
115817,38,158.12581116433932,12.410321747698164,0.05543982662943836,5.657894736842105,228.3421052631579
110749,89,321.92359056732664,12.405326838065228,0.24819323833797213,13.07865168539326,484.1685393258427
109937,229,317.4093577610919,12.177544588054657,0.040509763628151174,5.5895196506550215,385.4759825327511
111440,122,295.4295474307788,12.17569720673285,0.2188365219175965,10.524590163934427,423.57377049180326
111850,412,284.4710125967182,12.04998131050723,0.06965211434700735,7.427184466019417,373.96844660194176
108759,479,320.3379340875103,12.045153374712585,0.08525826761398769,6.663883089770355,400.6054279749478
123909,1693,209.6559704740465,11.992539081766381,0.2764922970075103,13.027761370348493,365.89190785587715
122647,1107,263.6939663225358,11.958416360540149,0.3508346311962759,22.532068654019874,533.1418247515809
123130,54,359.9043290580877,11.793679743100455,0.42787803210432673,35.25925925925926,775.7407407407408
124486,2990,230.8614649638975,11.701467845313362,0.3468942460963157,21.080602006688963,477.53545150501674
110623,173,260.1400017187909,11.665533614344636,0.08138491629917155,6.22543352601156,332.7630057803468
123561,311,209.85307332913115,11.52576560537468,0.1617185056140904,11.630225080385852,343.9003215434084
124582,127,210.3746132557976,11.524914286475472,0.4346811940501639,23.04724409448819,475.99212598425197
122671,873,214.49817586504108,11.52376142109261,0.18617488473564614,11.405498281786942,345.9324169530355
124370,1360,281.8815074692049,11.508320563161247,0.34068400352568995,20.16176470588235,513.9095588235294
181815,15,293.78109479023567,11.339163056113282,0.06148933601424722,10.866666666666667,417.0
120389,679,273.99700416521387,11.323521245531184,0.20415547585868565,15.054491899852724,444.4668630338733
107892,350,267.0788379276748,11.264965453819938,0.21065292793336077,7.714285714285714,353.98
111851,75,326.4641580619539,11.258042096902308,0.0032084521614659245,3.2133333333333334,362.64
122185,829,223.93103449994175,11.238826274506753,0.4423140999674072,23.542822677925212,488.52472858866105
160053,106,328.92544039802146,11.216590012823854,0.02945707700458433,5.745283018867925,393.3679245283019
100334,967,311.2290499654374,11.209290659942567,0.03388015131233002,6.445708376421924,383.48086866597725
117289,38,408.4218435110841,11.153282044720257,0.06458207448056152,8.578947368421053,504.10526315789474
105470,27,157.0143198090692,11.126491646778051,0.009090894666119342,2.814814814814815,188.33333333333334
124248,1300,222.45563195180324,11.117936871968675,0.3229169300148267,17.88230769230769,421.27
124511,29,247.10956011730212,11.06731964809384,0.25154488761356975,43.44827586206897,727.9655172413793
141048,44,118.7253227408143,10.975217919011364,0.0741124023041948,6.340909090909091,188.3181818181818
117822,569,193.46008068716742,10.927806402562316,0.08293292798624519,8.369068541300527,284.9156414762742
122962,4133,258.68778211511034,10.870110247499424,0.30286952698738234,26.657391725139124,548.4565690781515
108770,513,335.9832163043046,10.82865258943242,0.06646489725224891,7.103313840155946,412.9025341130604
123822,775,338.13513878404086,10.822705932877163,0.37517999598034635,30.82709677419355,671.7677419354839
123560,137,340.41975362998846,10.796726559340886,0.23843367270404303,11.832116788321168,468.1678832116788
124264,353,308.4500488386794,10.755324110781567,0.3727652719819492,27.206798866855525,601.0679886685552
117835,425,294.18421388063535,10.46848396666544,0.02479391540308451,6.442352941176471,361.6258823529412
111660,452,292.64337845124135,10.384401897364793,0.18178033195802146,9.95796460176991,396.0508849557522
123492,206,383.99505824783415,10.22799810036294,0.16517531747781844,15.330097087378642,540.7912621359224
110755,932,278.1008666074955,10.213099393871897,0.12424284718539846,9.697424892703863,377.14163090128756
123343,1651,323.68175940875506,10.197368040676839,0.08599432855180256,9.293761356753484,418.4536644457904
122982,606,205.6239272387755,10.135621078222098,0.18593136872352378,14.161716171617162,349.1617161716172
123390,14,509.30801687763704,10.062085593731165,0.11971251881579026,21.5,725.6428571428571
123081,107,366.9331930933753,10.056877717044737,0.14212697955517306,17.934579439252335,547.2990654205607
181280,37,536.0915271966527,9.979602510460259,0.00154008148855167,3.1621621621621623,567.6486486486486
109974,117,435.19753644549587,9.968855667166237,0.005265453136966469,3.5982905982905984,471.0683760683761
118280,69,301.28888476260727,9.968002957294686,0.11475096341404556,14.46376811594203,445.463768115942
124725,38,331.47221676370356,9.938059225239693,0.15236233170437508,11.447368421052632,445.2368421052632
111737,30,629.9568793004194,9.897831629156503,0.037907029539250514,13.933333333333334,767.8666666666667
124592,10,162.2433031449425,9.887271198746609,0.610649968005542,19.9,359.0
111433,718,202.42616737847453,9.878003215810399,0.14064007686611169,8.584958217270195,287.2284122562674
122988,363,232.36909057159278,9.867052857896706,0.11665222460735869,9.179063360881543,322.93939393939394
118271,52,278.0597863756731,9.851668532769358,0.10224994921377795,11.423076923076923,390.59615384615387
111436,80,393.32743457393474,9.845802372684629,0.06902928697928912,9.6625,488.4625
118250,112,394.6461675604122,9.74422624641499,0.18816061020367258,10.625,498.17857142857144
141155,66,425.1181661175,9.696084903714102,0.06097430240949864,11.606060606060606,537.6515151515151
109648,210,240.61538000160192,9.66874172259446,0.03249273359540161,6.357142857142857,302.0809523809524
109495,44,220.42331599644805,9.534568057845998,0.004487943169049657,3.2045454545454546,250.97727272727272
111763,27,134.25239803478127,9.46755829369102,0.08404913828050986,4.925925925925926,180.88888888888889
124484,79,240.133667660461,9.337688469981208,0.45559998124110657,24.531645569620252,469.2025316455696
117837,674,227.70931780188334,9.32299465513816,0.10245074866088089,8.382789317507418,305.8620178041543
118317,1051,206.45513896727215,9.316838900792131,0.11467272117616323,9.845861084681255,298.18744053282586
110063,78,264.9576934387303,9.197105825656061,0.023552583566724627,3.9871794871794872,301.62820512820514
111431,497,168.49106596188065,9.053972179455746,0.08649369111459893,6.782696177062374,229.90140845070422
141370,13,173.0,8.799999999999995,0.010153740755531993,3.076923076923077,200.07692307692307
110753,212,224.89036334046003,8.718545488127662,0.3072320262432836,8.81132075471698,301.7122641509434
110332,150,275.595316705237,8.71473386474672,0.025898497935845755,6.2,329.62666666666667
117797,65,359.66586153772664,8.704119592996872,0.03464275551521545,6.046153846153846,412.2923076923077
123947,116,386.4150692475099,8.578982164414734,0.1368248458837762,15.482758620689655,519.2413793103449
141140,77,363.7239183343553,8.49770759887512,0.15714425974897417,15.532467532467532,495.7142857142857
123948,16,541.3871623224663,8.473639614630057,0.514299451700479,51.4375,977.25
111441,1270,387.00896741544716,8.426493080993438,0.11625499514706328,11.621259842519684,484.93543307086617
160051,375,230.27798564182046,8.380219544886664,0.0524323980405883,7.474666666666667,292.9173333333333
110742,696,340.6026075546481,8.350213895226108,0.07384711824130619,7.625,404.27298850574715
117965,120,253.8169425570885,8.3078137758042,0.046057675819640265,8.283333333333333,322.6333333333333
123911,72,370.7418272481972,8.16815028824329,0.2284229121834067,21.11111111111111,543.1805555555555
111434,103,280.51819376298533,8.165467717474412,0.27366351715444903,15.174757281553399,404.4271844660194
122195,26,544.7293688516994,8.13015530458499,0.10814960936183182,18.923076923076923,698.5769230769231
117853,820,240.45300227443437,7.9671148769337385,0.06882504317932725,8.175609756097561,305.5890243902439
124624,463,366.2821940566819,7.8131399771757195,0.13706746572701523,14.028077753779698,475.8855291576674
117834,543,406.3804608289761,7.7999163673094705,0.029489639578766602,8.593001841620627,473.4051565377532
109640,2221,266.53986999162373,7.669284098641233,0.13142844905420548,12.4912201710941,362.33858622242235
114100,32,501.69563359213623,7.665289550537784,0.0017724788019201076,5.90625,546.96875
141352,181,172.841866269616,7.638163958571976,0.13384279996710746,9.441988950276244,244.96132596685084
117789,132,221.55959246600835,7.571419781267601,0.05986369905010758,7.8106060606060606,280.6969696969697
141047,1182,235.19455353585755,7.519268194282461,0.08803397429146764,9.112521150592217,303.7140439932318
140911,535,386.0931477972021,7.4912252730873155,0.012250568183962307,6.355140186915888,433.70093457943926
141916,306,244.50376428200096,7.460048681499887,0.10319600582401389,8.601307189542483,308.66993464052285
110756,219,302.468033174632,7.419045903176644,0.13606956254996216,10.71689497716895,381.9771689497717
120287,36,543.1229295824581,7.394570738045986,0.13489854945627178,35.94444444444444,808.9166666666666
118298,406,207.45527505536228,7.388278630255149,0.05973576539879244,8.330049261083744,269.0
105705,1559,239.1968496340113,7.37817221189198,0.07664174366378829,9.071199486850546,306.1257216164208
110748,237,327.679655010112,7.366258389946898,0.0036133746141012724,5.286919831223629,366.6244725738397
110741,549,289.15961641578224,7.359855314983452,0.13211626519988262,10.94535519125683,369.7158469945355
118330,148,221.3762802129758,7.356729450488014,0.058496156108094,10.10135135135135,295.68918918918916
116241,609,283.43355050277364,7.244791500464298,0.06927547577263882,9.94088669950739,355.45320197044333
111172,1469,230.78253384389194,7.1977025031356945,0.07250936089438065,9.40503744043567,298.4771953710007
110754,195,281.4964195232652,7.1889538753457405,0.03167189773366319,6.871794871794871,330.8974358974359
110112,49,232.20011210762328,7.1818946188340895,0.0018415996716634186,3.3877551020408165,256.53061224489795
117838,630,190.25269538009474,7.176603710236533,0.08586467965688305,8.86031746031746,253.83968253968254
108701,64,356.78303159389424,7.168216779079392,0.002438510906855762,3.890625,384.671875
118418,202,284.93849621639026,7.164249746001259,0.006557312925052239,4.594059405940594,317.8514851485148
181052,38,366.6848855050227,7.1422574761891005,0.0214408357013951,7.394736842105263,419.5
122985,299,339.85981817683734,7.019347421341307,0.06107757468887032,12.431438127090301,427.12040133779266
123562,147,322.46453816740336,6.963380516382516,0.009700437992765987,6.183673469387755,365.5238095238095
111569,1864,319.53873517031036,6.853080626281119,0.13299513481553116,13.365343347639485,411.1325107296137
105359,108,169.84916253833453,6.842038216560511,0.0054765969546903825,3.5,193.7962962962963
117841,347,204.81576783014424,6.80547473283773,0.1598572778836238,8.489913544668587,262.5936599423631
124483,57,260.77287386876725,6.793309356736577,0.04372753657950501,10.105263157894736,329.42105263157896
122196,113,332.7617489488232,6.671635235386829,0.204471288042398,24.20353982300885,494.23893805309734
111444,557,201.02874125959568,6.6007840415216785,0.04859314403787751,6.8491921005386,246.23877917414723
110747,1261,318.8176917465025,6.5681745893662065,0.07594025159644402,9.496431403647899,381.1919111816019
111438,1489,336.13076267007597,6.548396710496563,0.1939765771888482,13.80456682337139,426.5285426460712
123345,2165,297.0441374101822,6.488177629686572,0.12169108602597445,14.360277136258661,390.2161662817552
117855,2418,258.06251326983613,6.434948786818789,0.13833038035381062,14.108354011579818,348.8490488006617
108736,79,163.48212133662008,6.418948575732677,0.09203178291143144,8.759493670886076,219.70886075949366
111447,103,511.71583103455447,6.316367779050186,0.09525004783419033,17.776699029126213,624.0
101217,105,187.2354578216436,6.293123678151851,0.41407243677877403,8.619047619047619,241.47619047619048
110339,1618,227.69249236368452,6.2459442718073195,0.1734944382798569,12.450556242274413,305.45797280593325
108772,762,259.3258888278672,6.198487109824502,0.052531710092845296,8.784776902887138,313.7782152230971
142045,394,389.9659173158162,6.171513365380873,0.17737811965587935,18.814720812182742,506.0812182741117
111742,108,469.0828894622141,6.07617942035471,0.10789035419672699,15.685185185185185,564.3888888888889
180001,15,725.8622222222223,6.058888888888885,0.013153104555409745,8.0,774.3333333333334
111467,1621,211.18403053333657,6.0285965787270115,0.12917721856953301,11.232572486119679,278.90067859346084
118281,137,327.9696073626999,6.023242451940728,0.11963912182201786,24.861313868613138,477.7153284671533
123344,1349,369.9985643327933,5.964900094493769,0.05984948891808073,13.454410674573758,450.25277983691626
110733,1473,242.5337929891666,5.907432692559553,0.08560872586376989,10.460285132382893,304.32722335369994
141166,272,270.80268766858734,5.8613057341788775,0.07458477973475264,11.0625,335.64338235294116
108798,647,184.56701343039182,5.84599634488313,0.18054652744262056,9.171561051004637,238.1839258114374
160054,292,328.8134251136121,5.840128379277651,0.031575475707422695,7.465753424657534,372.41438356164383
141202,842,197.54701107798954,5.835882678868898,0.12149146628067131,11.45249406175772,264.38242280285033
111437,151,390.37996707011905,5.817800267363109,0.20254230922369487,19.132450331125828,501.6887417218543
110740,2112,201.45274861752944,5.769293792684882,0.13667464794601414,11.173295454545455,265.91477272727275
107888,81,413.73134344350706,5.728412897972012,0.07597693579513054,14.148148148148149,494.77777777777777
111435,680,303.348280715368,5.67468095068569,0.049777438102795,8.9,353.8529411764706
111442,880,193.66003922398775,5.644063508979843,0.13955356289297705,10.04659090909091,250.36363636363637
117836,276,358.56180696215375,5.518060943942489,0.024127753938011254,7.2101449275362315,398.3478260869565
111330,915,326.6702247888519,5.512725189928361,0.12807878262641126,12.0448087431694,393.06994535519124
110841,193,342.34194260704487,5.4847261083670595,0.004667378564591096,4.917098445595855,369.31088082901556
110375,887,206.22622248205784,5.471053992018491,0.16515015358103635,14.066516347237881,283.184892897407
109645,1523,223.358789020826,5.428836353935174,0.0807351000568679,10.250164149704531,279.005252790545
118403,199,246.02396444166803,5.402080885210954,0.2433546554188104,17.462311557788944,340.356783919598
118222,1423,475.01499050958364,5.371382677194164,0.14076175228643661,22.575544624033732,596.2768798313423
117840,271,220.28461322883413,5.358617985235221,0.038921314657836326,8.250922509225092,264.4981549815498
118223,339,176.32603220908908,5.33860951109134,0.026790951387557382,5.48377581120944,205.60176991150442
111876,676,272.83490416256245,5.142413569919539,0.1402334394767022,9.41715976331361,321.2618343195266
108795,823,235.58684688188623,5.141611552640563,0.09629935560312597,10.287970838396111,288.4835965978129
117856,1643,245.00868247509766,5.0870766096505635,0.09767549793657582,12.097382836275106,306.5489957395009
118094,1808,300.3652550944975,5.049513438300352,0.05668708654690047,11.289269911504425,357.37057522123894
110743,640,290.24014096416215,4.96601865015827,0.08458107106252521,11.7109375,348.396875
111443,789,262.29879200099697,4.960092830382306,0.1116900756126391,11.64765525982256,320.0722433460076
117787,951,200.77944728453315,4.941101924330318,0.13887596259453105,11.055730809674028,255.40694006309147
110711,1755,248.8054788950269,4.86670911870868,0.05926553297688897,11.425071225071225,304.4079772079772
110752,698,251.3833383159805,4.8322428486668985,0.19092254016865307,9.945558739255015,299.4426934097421
118283,152,375.21975016156773,4.706786178811324,0.07556616485918577,21.907894736842106,478.3355263157895
121307,11,325.76613858036865,4.684811411174383,0.03255238803681271,22.90909090909091,433.09090909090907
117862,1823,242.0027482836965,4.657043531059459,0.09966335916363733,14.099286889742183,307.6637410861218
111430,825,401.60951544816214,4.644012755115315,0.1261527969422621,14.991515151515152,471.23030303030305
117830,2322,214.85699735175334,4.6036943576215,0.16514175258402963,19.100775193798448,302.79112833764
111348,976,258.5116877995629,4.593091352538185,0.1948392351534305,11.717213114754099,312.3299180327869
117854,318,301.7252175201232,4.587933071616419,0.03851468172519146,7.666666666666667,336.8993710691824
114091,45,407.72975253093364,4.583520809898761,0.005506654513366849,9.222222222222221,450.0
141458,1105,197.56805253334483,4.57105000986742,0.16324527888771811,18.402714932126695,281.6877828054299
110313,1765,297.0183446669811,4.56013205033355,0.07059018078577817,12.278186968838527,353.0084985835694
111598,69,316.89350287516805,4.549802450160042,0.12079742820274697,14.797101449275363,384.2173913043478
110129,312,371.48100899202115,4.5319242777085895,0.01830452033009966,10.78525641025641,420.35897435897436
109643,1865,260.59518154793653,4.4790683260210615,0.0997821990100447,13.705093833780161,321.98123324396784
111446,227,338.36496877024393,4.4686986849502945,0.0752484274106997,13.77092511013216,399.9030837004405
117788,217,249.34238209457052,4.439343164957003,0.022564771629783764,7.695852534562212,283.5069124423963
120002,51,408.7817513332926,4.347035918884027,0.05794460203297058,14.019607843137255,469.72549019607845
107236,925,210.66671885773258,4.3347454901378715,0.10699334003593164,12.211891891891892,263.6021621621622
117809,1798,243.669837932526,4.259462719922366,0.19628406527332143,23.796996662958843,345.03225806451616
140923,1509,270.2180068059238,4.216276472662646,0.19375196020022922,20.814446653412855,357.9774685222001
110895,1904,364.4646307675355,4.1851140059836505,0.03518629759473724,10.586659663865547,408.77100840336135
117821,1759,188.70758314022146,4.16941025039478,0.1846834907912034,14.54519613416714,249.35247299602045
117831,2322,208.6718746458073,4.059981381348438,0.19514776390422728,18.80361757105943,285.0142118863049
111468,1295,193.41374565851518,4.004388019958049,0.22146466631938855,13.937451737451738,249.22471042471042
111741,13,600.5322674152503,3.9789765965886588,0.02474489396502877,18.0,672.1538461538462
117935,997,303.73746756145135,3.8870890371550284,0.12226304855584802,14.259779338014042,359.1664994984955
111530,2818,294.37912548538173,3.8625468785453103,0.12560307699233697,19.487579843860892,369.65081618168915
109747,277,236.841390170545,3.8615833779176585,0.27501259305843107,20.736462093862816,316.91696750902526
109641,1501,265.9664182670759,3.837787680452738,0.17392554840691477,15.067288474350432,323.7914723517655
111439,404,279.57821988308814,3.7580665072966637,0.16353084450654798,15.004950495049505,335.9678217821782
111182,660,299.6330801322662,3.622317564042075,0.08460376517619506,12.543939393939393,345.0712121212121
109647,836,289.13870730307724,3.609254050801206,0.19288521021905314,14.895933014354068,342.9019138755981
141823,1054,199.67749678793712,3.6029058004223105,0.20778089145152356,12.83776091081594,245.93074003795067
118224,22,529.3691847949958,3.6018816319294955,0.011669333627149059,11.545454545454545,570.9545454545455
111469,3052,243.56256418737013,3.575890123925653,0.15204971068961748,20.80832241153342,317.9708387942333
142093,379,244.40630836146806,3.5619643602670052,0.3326240435676946,26.12401055408971,337.4591029023747
108794,1494,245.07816195656432,3.56072367788951,0.12489347085133695,15.599732262382865,300.62449799196787
160052,36,236.81091097768885,3.4769846564376237,0.0017044327419022398,3.25,248.11111111111111
111736,17,427.662939911057,3.4579467240320834,0.10473042854825676,22.058823529411764,503.94117647058823
110745,893,201.04346276195233,3.4370845165372903,0.1806842110794259,12.464725643896976,243.88577827547593
141318,204,274.0066494162224,3.4357412450121227,0.16420165898243644,14.406862745098039,323.5049019607843
141457,1321,223.14510812807134,3.4156232979738834,0.3118148869589309,26.55791067373202,313.8569265707797
110515,1663,264.4415170577105,3.3888763752567437,0.16149963085712082,19.67949488875526,331.13289236319906
110376,877,234.2988780640616,3.38667950588962,0.2040525170577253,15.743443557582669,287.6168757126568
118285,103,490.4351181283405,3.380728277266974,0.025673055746943674,16.83495145631068,547.3495145631068
111754,49,400.2980693043355,3.2865989650033316,0.030587747944327948,15.693877551020408,451.8775510204082
117861,796,238.37549952054306,3.2758749068440634,0.1857385037896918,16.767587939698494,293.3040201005025
111532,2366,275.3148358222192,3.2422076139106157,0.14060730936461152,20.619188503803887,342.1665257819104
141066,266,343.5860225309975,3.117406279971489,0.14113319704645455,16.526315789473685,395.10526315789474
118140,3593,251.3889105945652,3.0518784906006817,0.1972129275509633,22.36404119120512,319.64124686891176
140922,2715,239.7677622852541,3.049078591550381,0.13502345930089843,14.300552486187845,283.37127071823204
111463,3115,280.2059517258816,3.025992468249685,0.19169768914884666,26.325200642054575,359.8658105939005
111602,3607,307.17370771684085,3.020631620183003,0.09349482587287816,17.353756584419184,359.59301358469645
108711,2083,221.39231680114614,3.0172595964880684,0.10154312048657854,13.012001920307249,260.65290446471437
111879,245,331.61614399544715,2.981271918314748,0.26057455129762386,21.13061224489796,394.61224489795916
141271,315,199.66992424079584,2.9595273555131456,0.39076983073673766,17.1015873015873,250.2825396825397
107629,842,233.29232038935095,2.945772101404799,0.1173388467494535,11.807600950118765,268.0748218527316
141141,68,286.7990599198912,2.8893476559729443,0.07910869665320008,17.720588235294116,338.0
118277,55,394.65469668055675,2.806895018952941,0.021272274292122306,16.854545454545455,441.96363636363634
141456,1299,273.1630846112355,2.741142460402423,0.1250472131582664,24.49576597382602,340.3094688221709
117820,3641,262.12277778752144,2.696431941619116,0.20852003203035008,36.527053007415546,360.6154902499313
111462,2385,240.47184545638586,2.685991553818924,0.13343255445332036,20.42348008385744,295.32914046121596
110374,2399,305.7748716358899,2.6792995575827523,0.07697953177567407,20.77949145477282,361.4493538974573
110787,2580,258.8186577328967,2.6676164393905544,0.04652734824407656,13.275193798449612,294.2317829457364
111740,96,339.311196361127,2.6093591161040908,0.1264013462949909,20.395833333333332,392.53125
117785,2490,277.5014421629094,2.59724787772981,0.21639417441799202,36.18835341365462,371.4915662650602
111723,108,410.5157292852806,2.5944829669671594,0.11867290673673214,24.333333333333332,473.64814814814815
110092,39,418.10574813514705,2.5635146994295708,0.00026103497967677747,3.1794871794871793,426.2564102564103
111466,3532,253.1234610861375,2.4735344146413594,0.21509418783677503,28.970554926387315,324.7831257078143
111743,1376,287.5661633684237,2.471583440347767,0.1406472761514972,17.238372093023255,330.17223837209303
117832,2092,249.43325842207983,2.439991435611349,0.19467430009957976,21.020554493307838,300.7232313575526
109933,110,455.7842451315447,2.4159827058834074,0.0016679094344371759,5.763636363636364,469.7090909090909
111418,3850,287.2082433863247,2.400503605291934,0.2764708404898142,43.87220779220779,392.52363636363634
117833,1164,229.87806378272825,2.380863217456643,0.09169724565105941,15.320446735395189,266.35395189003435
111465,1667,204.28611128709366,2.38072022027275,0.20115963728914688,16.352129574085183,243.21595680863828
124728,31,300.7415408186068,2.2223614386266255,0.05771852459600846,28.580645161290324,364.258064516129
110373,4152,282.88231121528145,2.198114886510562,0.26542770832950013,44.992533718689785,381.78106936416185
110325,1651,298.06231709508546,2.1957311546065523,0.10429363855364082,18.883101150817687,339.5245305875227
117786,1432,258.1189745892349,2.051362661709742,0.09849188232767259,17.43854748603352,293.89175977653633
111753,72,550.2232478275279,2.0476011956555458,0.04323753415343767,20.40277777777778,592.0
111757,28,467.5854818108709,1.975385149092514,0.015485384632277888,23.785714285714285,514.5714285714286
110372,3963,298.1728163633436,1.9514831250211286,0.2705569008091212,54.56775170325511,404.6608629825889
107830,963,293.03790587637945,1.9368164283678893,0.07393119466969034,16.525441329179646,325.04465212876426
111634,159,361.59109491329116,1.8256445727506592,0.08890208019848234,28.20754716981132,413.0880503144654
111722,182,305.0101185815055,1.801788424810847,0.24860627207089536,49.642857142857146,394.45604395604397
111738,54,391.95401963219797,1.7998423370767334,0.09768660526226758,37.24074074074074,458.98148148148147
104534,12,585.1483742092997,1.6757296637443089,0.0002783189654463891,5.083333333333333,593.6666666666666
118004,519,288.8352511138201,1.6667970549132334,0.030902013281244867,12.383429672447013,309.47591522157995
118299,4256,298.8296596048699,1.6278838912101607,0.33819055430711564,82.21499060150376,432.66611842105266
117808,4554,324.90079355353555,1.5384738532814077,0.36445274039162934,116.88998682476944,504.7329819938516
109649,209,503.1624003751406,1.5378494679164718,0.0646127736626686,36.22488038277512,558.8708133971292
118326,90,442.92715151989825,1.520468395574206,0.0031828585929860598,16.044444444444444,467.3222222222222
110371,2528,275.1318036997432,1.4645931163153976,0.10525881020502648,32.18908227848101,322.27571202531647
111761,54,505.4872720480776,1.4162511116514274,0.010352213880980288,17.64814814814815,530.4814814814815
141262,219,391.7013049230942,1.3234888139101733,0.11393213379224298,46.0365296803653,452.63013698630135
141261,136,408.2320398080389,1.097301293577337,0.09645272469270427,38.5735294117647,450.55882352941177
118191,265,459.15477498752796,0.9227133843068375,0.2595024236449929,148.6754716981132,596.3396226415094
142080,83,359.83288151316805,0.651749729423286,0.00013037622423195394,7.373493975903615,364.6385542168675
107263,42,542.0638498709125,0.5930086454250507,0.0004844351149010384,11.857142857142858,549.0952380952381
111752,26,767.0770054820131,0.543359039765767,0.0014420135622680297,21.73076923076923,778.8846153846154
106860,24,186.79672578444746,0.4583901773533442,7.434387578519885e-05,2.625,188.0
105894,16,636.9961434678917,0.37747491417685675,0.0013203991500634338,33.125,649.5
111759,169,492.1886105816223,0.1396601959993263,0.00041899059998928845,19.071005917159763,494.85207100591714
111755,40,503.65036817384595,-0.22800899157907598,0.0004321281798601584,29.825,496.85
111751,138,435.7552755382081,-0.237155367978893,0.0004267117738965265,16.231884057971016,431.90579710144925
110580,121,388.0511688564162,-1.122940528455946,8.48077413660997e-05,4.24793388429752,383.2809917355372
115234,80,395.09816921570103,-1.2175845701800694,8.954537469973989e-05,4.5875,389.5125
111739,40,519.0625715581399,-1.2240253191236723,0.006634259505832518,14.675,501.1
109471,75,166.36306868867084,-1.3376449598572715,0.0007552117188194263,2.7733333333333334,162.65333333333334
111792,28,760.0811391297431,-2.0267281839153615,0.00010261875699524303,3.0357142857142856,753.9285714285714
111861,65,212.5205514819787,-2.082051017246723,0.0002794212248535821,2.9692307692307693,206.33846153846153
110832,14,788.8059011294811,-2.533434277295792,0.0028706380274173826,11.285714285714286,760.2142857142857
121928,71,262.98335467349557,-2.590909090909094,0.0009976863805071234,4.0,252.61971830985917
111832,33,202.26788631166283,-3.787814439725575,0.0038336576381572396,3.878787878787879,187.57575757575756
116611,57,399.5775127768314,-4.074551796868663,0.0017601177448375305,5.157894736842105,378.56140350877195
110500,111,544.6260161970956,-5.788576703487655,0.001132493675440882,3.5585585585585586,524.027027027027
111090,27,239.0980392156863,-5.871323529411768,0.0035214587416837473,3.5555555555555554,218.22222222222223
111620,19,562.8436578171091,-6.047197640117991,0.00012010402027640144,2.263157894736842,549.1578947368421
180373,19,1037.410179139461,-6.150510631173618,0.0019407325366748163,4.473684210526316,1009.8947368421053
110080,48,329.5693885023801,-6.227389234712563,0.001895486423746151,2.2291666666666665,315.6875
111793,89,475.16715159653836,-7.686598527802653,0.0019910577144278685,3.8764044943820224,445.3707865168539
107254,82,320.96383613074204,-7.754624006183744,0.008563362004380126,5.365853658536586,279.3536585365854
118279,11,297.41214285714284,-8.29892857142857,0.02605025940735206,5.636363636363637,250.63636363636363
117329,37,362.80264091446594,-8.84584154513205,0.013807215929996008,6.1891891891891895,308.05405405405406
106179,25,440.65028490028493,-9.086182336182333,0.00134704663466656,2.44,418.48
121304,15,641.4083660906326,-9.965845879997033,0.05182766444365572,11.466666666666667,527.1333333333333
108411,27,256.95238095238096,-16.91190476190476,0.00701548928250495,2.2222222222222223,219.37037037037038
180026,13,1032.6757322175733,-17.010460251046027,0.005958929291434156,5.769230769230769,934.5384615384615
114099,18,769.2303370786517,-20.960674157303366,0.021567497759846788,5.444444444444445,655.1111111111111
111724,18,842.610368375493,-20.99990381840916,0.019514205791150152,7.722222222222222,680.4444444444445
111705,43,463.9090567455844,-23.73355881247651,0.009910804760374425,2.3488372093023258,408.16279069767444
118198,18,508.1222222222222,-24.09999999999999,0.012022703916872324,4.0,411.72222222222223
110317,11,215.88135593220335,-27.203389830508467,0.035546987624883175,2.5454545454545454,146.63636363636363
110311,38,346.81063829787234,-27.292198581560296,0.0075346962157285535,2.6842105263157894,273.55263157894734
118286,19,393.69528301886794,-29.393396226415096,0.01703359823145678,3.1052631578947367,302.42105263157896
108410,21,652.3370288248336,-31.801552106430155,0.006767071103354616,2.380952380952381,576.6190476190476
118323,13,424.23376623376623,-32.41558441558441,0.013360809076792046,3.1538461538461537,322.0
118311,29,716.3018335684062,-34.72919605077573,0.007228524940973147,3.7241379310344827,586.9655172413793
107904,10,674.8372093023255,-35.96124031007751,0.02506335825210082,4.2,523.8
141286,16,555.9836065573771,-39.34426229508198,0.005847433634470711,2.3125,465.0
110064,41,366.40717131474105,-40.34581673306773,0.019890090326051824,2.658536585365854,259.1463414634146
110833,19,444.75,-40.749999999999986,0.026487012762869022,2.0526315789473686,361.10526315789474
105272,24,317.71631205673754,-42.29078014184396,0.047216855647369216,2.75,201.41666666666666
111112,42,459.63273001508287,-49.98416289592758,0.01917944037247643,2.142857142857143,352.5238095238095
118052,15,505.78294573643416,-52.81395348837211,0.0990929956565485,2.6,368.46666666666664
110681,25,707.008,-53.19000000000002,0.03985302909245003,3.2,536.8
111354,15,602.0553359683795,-57.102766798418976,0.020820405843587797,3.1333333333333333,423.1333333333333
110834,11,395.61290322580635,-76.32258064516127,0.18136253057600948,2.1818181818181817,229.0909090909091
181907,14,880.7632794457274,-88.51270207852193,0.1556493163077538,3.857142857142857,539.3571428571429
180169,26,826.1687499999998,-97.85624999999993,0.014773231280244326,1.7692307692307692,653.0384615384615
110475,15,712.7457627118645,-172.7245762711865,0.12373804376103781,2.1333333333333333,344.26666666666665
110516,18,1082.4159663865546,-193.4453781512605,0.09033615036087239,2.5555555555555554,588.0555555555555
110537,10,1200.1000000000004,-245.8333333333334,0.3420019035937957,3.0,462.6
